{
  "Type": "Chaining",
  "ChainingAllowance": 2.9,
  "Next": [
    {
      "Type": "Replace",
      "Var": "Swing_Down_Left",
      "DefaultOk": true,
      "DefaultValue": {
        "Interactions": [
          "Weapon_Hammer_Primary_Swing_Down_Left"
        ]
      }
    },
    {
      "Type": "Replace",
      "Var": "Swing_Down_Right",
      "DefaultOk": true,
      "DefaultValue": {
        "Interactions": [
          "Weapon_Hammer_Primary_Swing_Down_Right"
        ]
      }
    },
    {
      "Type": "Replace",
      "Var": "Swing_Down",
      "DefaultOk": true,
      "DefaultValue": {
        "Interactions": [
          "Weapon_Hammer_Primary_Swing_Down"
        ]
      }
    }
  ]
}
