{
  "Parent": "Golem_Crystal_Earth",
  "Model": "NPC/Golems/Runeforge_GolemT1.blockymodel",
  "Texture": "NPC/Golems/RuneForge_GolemT2.png",
  "DefaultAttachments": [],
  "AnimationSets": {
    "Idle": {
      "Animations": [
        {
          "Animation": "NPC/Elemental/Golem_Firesteel/Animations/Default/Idle.blockyanim"
        }
      ]
    },
    "Walk": {
      "Animations": [
        {
          "Animation": "NPC/Elemental/Golem_Firesteel/Animations/Default/Walk.blockyanim"
        }
      ]
    },
    "WalkBackward": {
      "Animations": [
        {
          "Animation": "NPC/Elemental/Golem_Firesteel/Animations/Default/Walk_Backward.blockyanim",
          "Looping": true
        }
      ]
    },
    "Run": {
      "Animations": [
        {
          "Animation": "NPC/Elemental/Golem_Firesteel/Animations/Default/Run.blockyanim"
        }
      ]
    },
    "Crouch": {
      "Animations": [
        {
          "Animation": "NPC/Elemental/Golem_Firesteel/Animations/Default/Crouch.blockyanim",
          "BlendingDuration": 0.1
        }
      ]
    },
    "CrouchWalk": {
      "Animations": [
        {
          "Animation": "NPC/Elemental/Golem_Firesteel/Animations/Default/Crouch_Walk.blockyanim",
          "BlendingDuration": 0.1
        }
      ]
    },
    "CrouchWalkBackward": {
      "Animations": [
        {
          "Animation": "NPC/Elemental/Golem_Firesteel/Animations/Default/Crouch_Walk_Backward.blockyanim",
          "BlendingDuration": 0.1
        }
      ]
    },
    "Jump": {
      "Animations": [
        {
          "Animation": "NPC/Elemental/Golem_Firesteel/Animations/Default/Jump.blockyanim",
          "BlendingDuration": 0.1,
          "Speed": 0.8,
          "Looping": false
        }
      ]
    },
    "JumpWalk": {
      "Animations": [
        {
          "Animation": "NPC/Elemental/Golem_Firesteel/Animations/Default/Jump.blockyanim",
          "BlendingDuration": 0.1,
          "Speed": 0.8,
          "Looping": false
        }
      ]
    },
    "JumpRun": {
      "Animations": [
        {
          "Animation": "NPC/Elemental/Golem_Firesteel/Animations/Default/Jump_Far.blockyanim",
          "BlendingDuration": 0.1,
          "Speed": 0.8,
          "Looping": false
        },
        {
          "Animation": "NPC/Elemental/Golem_Firesteel/Animations/Default/Jump_Far2.blockyanim",
          "BlendingDuration": 0.1,
          "Speed": 0.8,
          "Looping": false
        }
      ]
    },
    "Fall": {
      "Animations": [
        {
          "Animation": "NPC/Elemental/Golem_Firesteel/Animations/Default/Fall.blockyanim",
          "BlendingDuration": 0.4,
          "Speed": 0.8
        },
        {
          "Animation": "NPC/Elemental/Golem_Firesteel/Animations/Default/Fall2.blockyanim",
          "BlendingDuration": 0.4,
          "Speed": 0.8
        }
      ]
    },
    "FallFar": {
      "Animations": [
        {
          "Animation": "NPC/Elemental/Golem_Firesteel/Animations/Default/Fall_Far.blockyanim",
          "BlendingDuration": 0.4,
          "Speed": 0.8
        }
      ]
    },
    "Alerted": {
      "Animations": [
        {
          "Animation": "NPC/Elemental/Golem_Firesteel/Animations/Default/Alerted.blockyanim",
          "Looping": false,
          "SoundEventId": "SFX_Golem_Firesteel_Alerted_01"
        },
        {
          "Animation": "NPC/Elemental/Golem_Firesteel/Animations/Default/Alerted2.blockyanim",
          "Looping": false,
          "SoundEventId": "SFX_Golem_Firesteel_Alerted_02"
        }
      ]
    },
    "FlyIdle": {
      "Animations": [
        {
          "Animation": "NPC/Elemental/Golem_Firesteel/Animations/Fly/Fly_Idle.blockyanim"
        }
      ]
    },
    "Fly": {
      "Animations": [
        {
          "Animation": "NPC/Elemental/Golem_Firesteel/Animations/Fly/Fly.blockyanim"
        }
      ]
    },
    "FlyBackward": {
      "Animations": [
        {
          "Animation": "NPC/Elemental/Golem_Firesteel/Animations/Fly/Fly_Backward.blockyanim"
        }
      ]
    },
    "FlyFast": {
      "Animations": [
        {
          "Animation": "NPC/Elemental/Golem_Firesteel/Animations/Fly/Fly_Fast.blockyanim"
        }
      ]
    },
    "FluidIdle": {
      "Animations": [
        {
          "Animation": "NPC/Elemental/Golem_Firesteel/Animations/Default/Idle.blockyanim",
          "Speed": 0.6
        }
      ]
    },
    "FluidWalk": {
      "Animations": [
        {
          "Animation": "NPC/Elemental/Golem_Firesteel/Animations/Default/Walk.blockyanim",
          "Speed": 0.6
        }
      ]
    },
    "FluidWalkBackward": {
      "Animations": [
        {
          "Animation": "NPC/Elemental/Golem_Firesteel/Animations/Default/Walk_Backward.blockyanim",
          "Speed": 0.6
        }
      ]
    },
    "FluidRun": {
      "Animations": [
        {
          "Animation": "NPC/Elemental/Golem_Firesteel/Animations/Default/Run.blockyanim",
          "Speed": 0.6
        }
      ]
    },
    "ClimbIdle": {
      "Animations": [
        {
          "Animation": "NPC/Elemental/Golem_Firesteel/Animations/Climb/Climb_Idle.blockyanim",
          "Speed": 0.6
        }
      ]
    },
    "ClimbUp": {
      "Animations": [
        {
          "Animation": "NPC/Elemental/Golem_Firesteel/Animations/Climb/Climb_Up.blockyanim",
          "Speed": 0.6
        }
      ]
    },
    "ClimbDown": {
      "Animations": [
        {
          "Animation": "NPC/Elemental/Golem_Firesteel/Animations/Climb/Climb_Down.blockyanim",
          "Speed": 0.6
        }
      ]
    },
    "ClimbLeft": {
      "Animations": [
        {
          "Animation": "NPC/Elemental/Golem_Firesteel/Animations/Climb/Climb_Left.blockyanim"
        }
      ]
    },
    "ClimbRight": {
      "Animations": [
        {
          "Animation": "NPC/Elemental/Golem_Firesteel/Animations/Climb/Climb_Right.blockyanim"
        }
      ]
    },
    "Hurt": {
      "Animations": [
        {
          "Animation": "NPC/Elemental/Golem_Firesteel/Animations/Damage/Hurt.blockyanim",
          "BlendingDuration": 0.1,
          "Looping": false
        },
        {
          "Animation": "NPC/Elemental/Golem_Firesteel/Animations/Damage/Hurt2.blockyanim",
          "BlendingDuration": 0.1,
          "Looping": false
        },
        {
          "Animation": "NPC/Elemental/Golem_Firesteel/Animations/Damage/Hurt3.blockyanim",
          "BlendingDuration": 0.1,
          "Looping": false
        }
      ]
    },
    "Death": {
      "Animations": [
        {
          "Animation": "NPC/Elemental/Golem_Firesteel/Animations/Damage/Death.blockyanim",
          "Looping": false,
          "SoundEventId": "SFX_Golem_Firesteel_Death"
        }
      ]
    },
    "Laydown": {
      "Animations": [
        {
          "Animation": "NPC/Elemental/Golem_Firesteel/Animations/Default/Laydown.blockyanim",
          "Looping": false,
          "SoundEventId": "SFX_Golem_Firesteel_Laydown"
        }
      ]
    },
    "Sleep": {
      "Animations": [
        {
          "Animation": "NPC/Elemental/Golem_Firesteel/Animations/Default/Sleep.blockyanim"
        }
      ]
    },
    "Wake": {
      "Animations": [
        {
          "Animation": "NPC/Elemental/Golem_Firesteel/Animations/Default/Wake.blockyanim",
          "Looping": false,
          "SoundEventId": "SFX_Golem_Firesteel_Wake"
        }
      ]
    },
    "Spawn": {
      "Animations": [
        {
          "Animation": "NPC/Elemental/Golem_Firesteel/Animations/Default/Spawn.blockyanim",
          "BlendingDuration": 0,
          "Looping": false,
          "SoundEventId": "Golem_Summon"
        }
      ]
    }
  },
  "Particles": [
    {
      "PositionOffset": {
        "Z": 0,
        "Y": -0.01
      },
      "SystemId": "Cobalt_Core_Glow",
      "TargetNodeName": "Head",
      "Scale": 0.5
    },
    {
      "PositionOffset": {
        "Y": 0.2
      },
      "SystemId": "Cobalt_Core_Glow",
      "TargetNodeName": "Head",
      "Scale": 0.5
    },
    {
      "PositionOffset": {
        "Y": -0.01,
        "Z": 0
      },
      "SystemId": "Cobalt_Flame",
      "TargetNodeName": "Head",
      "Scale": 0.67,
      "Color": "#1898e2"
    },
    {
      "SystemId": "Cobalt_Flame",
      "Scale": 0.7,
      "TargetNodeName": "CoreJoint",
      "PositionOffset": {
        "Y": 0,
        "Z": 0
      }
    },
    {
      "SystemId": "Cobalt_Core_Glow",
      "Scale": 0.7,
      "TargetNodeName": "CoreJoint",
      "PositionOffset": {
        "Y": 0
      }
    },
    {
      "SystemId": "Runeforge_Cobalt",
      "Scale": 0.65,
      "PositionOffset": {
        "Y": 0.45,
        "X": 0,
        "Z": -0.25
      },
      "TargetNodeName": "Chest"
    }
  ],
  "Light": {
    "Color": "#952"
  }
}
