{
  "Layers": [
    {
      "Files": [
        "Sounds/Blocks/Stone/Stone_Break_11.ogg",
        "Sounds/Blocks/Stone/Stone_Break_Debris_03.ogg",
        "Sounds/Blocks/Gem/Gem_Break_Layer_02.ogg",
        "Sounds/Blocks/Foliage/Foliage_Break_03.ogg"
      ],
      "StartDelay": 0.25
    },
    {
      "Files": [
        "Sounds/Deployables/Totem_Slowing/Deployable_Totem_Slowing_Spawn_02.ogg"
      ],
      "Volume": 0
    },
    {
      "Files": [
        "Sounds/NPC/Void/Eye_Void/Eye_Void_Attack_Summon_01.ogg",
        "Sounds/NPC/Undead/Praetorian/Praetorian_Spawn_01_03.ogg",
        "Sounds/NPC/Undead/Praetorian/Praetorian_Despawn_02_02.ogg"
      ]
    },
    {
      "Files": [
        "Sounds/NPC/Beasts/Golem_Crystal/Golem_Earth/Golem_Earth_Foley_Wake_01.ogg",
        "Sounds/NPC/Beasts/Golem_Crystal/Golem_Earth/Golem_Earth_Foley_Wake_03.ogg",
        "Sounds/NPC/Beasts/Golem_Crystal/Golem_Earth/Golem_Earth_Foley_Wake_03.ogg"
      ],
      "RandomSettings": {
        "MinPitch": -1.8240371213405997,
        "MinVolume": -0.9151498112135024
      },
      "Volume": 0
    }
  ]
}
