{
  "TranslationProperties": {
    "Name": "Transmutation Table",
    "Description": "Used to transmute on material or ingredient into another"
  },
  "Icon": "Icons/ItemsGenerated/Bench_Transmute.png",
  "Categories": [
    "Furniture.Benches"
  ],
  "BlockType": {
    "Material": "Solid",
    "DrawType": "Model",
    "Opacity": "Semitransparent",
    "CustomModel": "Blocks/Benches/TransmutationBench.blockymodel",
    "CustomModelTexture": [
      {
        "Texture": "Blocks/Benches/Transmutation_Bench_ON.png",
        "Weight": 1
      }
    ],
    "HitboxType": "Bench_Tannery",
    "VariantRotation": "NESW",
    "Bench": {
      "Type": "Processing",
      "Input": [
        {
          "FilterValidIngredients": true
        },
        {
          "FilterValidIngredients": true
        },
        {
          "FilterValidIngredients": true
        }
      ],
      "OutputSlotsCount": 2,
      "LocalOpenSoundEventId": "SFX_Arcane_Workbench_Open_Local",
      "LocalCloseSoundEventId": "SFX_Arcane_Workbench_Close_Local",
      "Id": "Transmutation",
      "CompletedSoundEventId": "SFX_Arcane_Workbench_Craft"
    },
    "State": {
      "Id": "processingBench",
      "Definitions": {
        "Processing": {
          "Looping": true,
          "CustomModelAnimation": "Blocks/Benches/Lumbermill_Crafting.blockyanim"
        },
        "ProcessCompleted": {
          "Looping": true,
          "CustomModelAnimation": "Blocks/Benches/Lumbermill_Crafting.blockyanim"
        }
      }
    },
    "Gathering": {
      "Breaking": {
        "GatherType": "Benches"
      }
    },
    "BlockParticleSetId": "Stone",
    "Support": {
      "Down": [
        {
          "FaceType": "Full"
        }
      ]
    },
    "ParticleColor": "#63422b",
    "BlockSoundSetId": "Stone",
    "Interactions": {
      "Use": "Open_Processing_Bench"
    },
    "Particles": [
      {
        "SystemId": "Transmutation_Ps",
        "Scale": 1.5,
        "TargetNodeName": "Transmutation"
      }
    ]
  },
  "PlayerAnimationsId": "Block",
  "IconProperties": {
    "Scale": 0.4,
    "Rotation": [
      22.5,
      45,
      22.5
    ],
    "Translation": [
      11.4,
      -16
    ]
  },
  "Tags": {
    "Type": [
      "Bench"
    ]
  },
  "Recipe": {
    "TimeSeconds": 3,
    "Input": [
      {
        "Quantity": 10,
        "ResourceTypeId": "Wood_Trunk"
      },
      {
        "Quantity": 10,
        "ResourceTypeId": "",
        "ItemId": "Ingredient_Life_Essence"
      },
      {
        "ItemId": "Ingredient_Bar_Copper",
        "Quantity": 10
      },
      {
        "ItemId": "Ingredient_Bar_Iron",
        "Quantity": 10
      }
    ],
    "BenchRequirement": [
      {
        "Id": "Workbench",
        "Type": "Crafting",
        "Categories": [
          "Workbench_Crafting"
        ]
      }
    ]
  },
  "MaxStack": 1,
  "ItemLevel": 3,
  "ItemSoundSetId": "ISS_Blocks_Wood",
  "Quality": "Epic"
}
