{
  "TranslationProperties": {
    "Name": "Runic Ingot"
  },
  "Categories": [
    "Items"
  ],
  "Recipe": {
    "Input": [
      {
        "ItemId": "Ingredient_Bar_Copper",
        "Quantity": 1
      },
      {
        "ItemId": "Ingredient_Bar_Gold"
      },
      {
        "ItemId": "Ingredient_Bar_Iron"
      }
    ],
    "BenchRequirement": [
      {
        "Type": "Processing",
        "Id": "Transmutation"
      }
    ],
    "OutputQuantity": 1,
    "TimeSeconds": 5
  },
  "Model": "Resources/Materials/Ingot.blockymodel",
  "Texture": "Items/Materials/Runic.png",
  "ResourceTypes": [
    {
      "Id": "Metal_Bars"
    }
  ],
  "PlayerAnimationsId": "Item",
  "IconProperties": {
    "Scale": 1,
    "Rotation": [
      22.5,
      45,
      22.5
    ],
    "Translation": [
      0,
      -3
    ]
  },
  "Icon": "Icons/ItemsGenerated/Ingredient_Bar_Runic.png",
  "Tags": {
    "Type": [
      "Ingredient"
    ]
  },
  "ItemEntity": {
    "ParticleSystemId": null
  },
  "ItemSoundSetId": "ISS_Items_Ingots",
  "DropOnDeath": true,
  "Light": {
    "Color": "#4ce",
    "Radius": 0
  },
  "Particles": [
    {
      "SystemId": "Runic_Glow"
    }
  ],
  "Quality": "Rare"
}
