{
  "TranslationProperties": {
    "Name": "Unpowered Runeforge Core"
  },
  "ItemLevel": 10,
  "Icon": "Icons/ItemsGenerated/Unpowered_Runeforge_Core.png",
  "Categories": [
    "Blocks.Rocks"
  ],
  "PlayerAnimationsId": "Block",
  "Set": "Stone",
  "BlockType": {
    "Material": "Solid",
    "DrawType": "Model",
    "Group": "Stone",
    "Flags": {},
    "Gathering": {
      "Breaking": {
        "GatherType": "Rocks"
      }
    },
    "ParticleColor": "#dbdbdb",
    "BlockParticleSetId": "Metal",
    "BlockSoundSetId": "Metal",
    "CustomModel": "Blocks/Mechanical/OmnicCoreUP.blockymodel",
    "CustomModelTexture": [
      {
        "Texture": "Blocks/Mechanical/Runeforge_CoreUP.png"
      }
    ]
  },
  "Tags": {
    "Type": [
      "Soil"
    ],
    "Family": [
      "Clay"
    ]
  },
  "IconProperties": {
    "Scale": 0.58823,
    "Rotation": [
      22.5,
      45,
      22.5
    ],
    "Translation": [
      0,
      -13.5
    ]
  },
  "ItemSoundSetId": "ISS_Blocks_Soft",
  "Recipe": {
    "Input": [
      {
        "ItemId": "Ingredient_Bar_Runic",
        "Quantity": 20
      },
      {
        "ItemId": "Wood_Ash_Trunk",
        "Quantity": 20
      }
    ],
    "BenchRequirement": [
      {
        "Id": "Armor_Bench",
        "Categories": [
          "Golem_Framework"
        ]
      }
    ],
    "TimeSeconds": 3
  },
  "Quality": "Mechanical"
}
