{
  "TranslationProperties": {
    "Name": "Masterwork Runeforge Hammer"
  },
  "Categories": [
    "Items.Weapons"
  ],
  "Model": "Items/Weapons/SawAxe/Runeforge_SawAxe_T1.blockymodel",
  "Texture": "NPC/Golems/RuneForge_GolemT3_V2.png",
  "Icon": "Icons/ItemsGenerated/Runeforge_Hammer_T3.png",
  "DroppedItemAnimation": "Items/Animations/Dropped/Dropped_Diagonal_Left.blockyanim",
  "PlayerAnimationsId": "Battleaxe",
  "Reticle": "DefaultMelee",
  "Quality": "Legendary",
  "ItemLevel": 40,
  "Interactions": {
    "Primary": "Root_Weapon_Hammer_Primary",
    "Secondary": "Root_Weapon_Battleaxe_Secondary_Guard",
    "Ability1": "Root_Weapon_Battleaxe_Signature_Whirlwind",
    "Ability2": {
      "Interactions": [
        {
          "Type": "Charging",
          "Effects": {
            "WorldSoundEventId": "SFX_Mace_T2_Signature_Impact",
            "ItemAnimationId": "SwingDown"
          },
          "AllowIndefiniteHold": true,
          "HorizontalSpeedMultiplier": 0.8,
          "CancelOnItemChange": true,
          "RunTime": 0,
          "Next": {
            "0": {
              "Type": "Simple",
              "Effects": {
                "ItemAnimationId": "Interact"
              }
            },
            "0.8": {
              "Type": "SpawnNPC",
              "EntityId": "Runeforge_Golem_T3",
              "SpawnOffset": {
                "Y": 1
              },
              "UseLatestTarget": true
            }
          }
        }
      ],
      "Cooldown": {
        "Cooldown": 120
      }
    },
    "Ability3": {
      "Interactions": [
        {
          "Type": "Charging",
          "Effects": {
            "WorldSoundEventId": "SFX_Battleaxe_T2_Swing_Charged",
            "ItemAnimationId": "SwingLeft"
          },
          "AllowIndefiniteHold": true,
          "HorizontalSpeedMultiplier": 0.8,
          "CancelOnItemChange": true,
          "RunTime": 0,
          "Next": {
            "0": {
              "Type": "Simple",
              "Effects": {
                "ItemAnimationId": "Interact"
              }
            },
            "0.8": {
              "Type": "SpawnNPC",
              "EntityId": "Runeforge_Turret_T3",
              "SpawnOffset": {
                "Y": 1
              }
            }
          },
          "Failed": {
            "Type": "Simple",
            "Effects": {
              "ItemAnimationId": "Interact"
            }
          }
        }
      ],
      "Cooldown": {
        "Cooldown": 60
      }
    }
  },
  "IconProperties": {
    "Scale": 0.3,
    "Rotation": [
      45,
      90,
      0
    ],
    "Translation": [
      -51,
      -51
    ]
  },
  "Tags": {
    "Type": [
      "Weapon"
    ]
  },
  "Weapon": {
    "EntityStatsToClear": [
      "SignatureEnergy"
    ],
    "StatModifiers": {
      "SignatureEnergy": [
        {
          "Amount": 9,
          "CalculationType": "Additive"
        }
      ]
    }
  },
  "ItemAppearanceConditions": {
    "SignatureEnergy": [
      {
        "Condition": [
          100,
          100
        ],
        "ConditionValueType": "Percent",
        "Particles": [
          {
            "SystemId": "Sword_Signature_Ready",
            "TargetNodeName": "Handle",
            "PositionOffset": {
              "X": 0.8
            },
            "TargetEntityPart": "PrimaryItem"
          },
          {
            "SystemId": "Sword_Signature_Status_Spawn",
            "TargetNodeName": "Handle",
            "PositionOffset": {
              "X": 0.5
            },
            "TargetEntityPart": "PrimaryItem"
          },
          {
            "SystemId": "Sword_Signature_Status",
            "TargetNodeName": "Handle",
            "PositionOffset": {
              "X": 0.5
            },
            "TargetEntityPart": "PrimaryItem"
          }
        ]
      }
    ]
  },
  "ItemSoundSetId": "ISS_Weapon_Blunt_Large",
  "MaxDurability": 180,
  "DurabilityLossOnHit": 0.45,
  "MaxStack": 1,
  "Recipe": {
    "Input": [
      {
        "ItemId": "Runeforge_Hammer_T2"
      },
      {
        "ItemId": "Ingredient_Bar_Adamantite",
        "Quantity": 20
      },
      {
        "ItemId": "Wood_Sallow_Trunk",
        "Quantity": 20
      },
      {
        "ItemId": "Rock_Magma_Cooled",
        "Quantity": 20
      },
      {
        "ItemId": "Ingredient_Fire_Essence",
        "Quantity": 20
      }
    ],
    "BenchRequirement": [
      {
        "Id": "Weapon_Bench",
        "Categories": [
          "Weapon_Hammer"
        ],
        "RequiredTierLevel": 3
      }
    ],
    "TimeSeconds": 5
  },
  "InteractionVars": {
    "Swing_Down_Damage": {
      "Interactions": [
        {
          "Parent": "Weapon_Battleaxe_Primary_Swing_Down_Damage",
          "DamageCalculator": {
            "BaseDamage": {
              "Physical": 60
            }
          },
          "DamageEffects": {
            "WorldSoundEventId": "SFX_Battleaxe_T2_Impact",
            "LocalSoundEventId": "SFX_Battleaxe_T2_Impact"
          }
        }
      ]
    },
    "Swing_Down_Left_Damage": {
      "Interactions": [
        {
          "Parent": "Weapon_Battleaxe_Primary_Swing_Down_Left_Damage",
          "DamageCalculator": {
            "BaseDamage": {
              "Physical": 50
            }
          },
          "DamageEffects": {
            "WorldSoundEventId": "SFX_Battleaxe_T2_Impact",
            "LocalSoundEventId": "SFX_Battleaxe_T2_Impact"
          }
        }
      ]
    },
    "Swing_Down_Right_Damage": {
      "Interactions": [
        {
          "Parent": "Weapon_Battleaxe_Primary_Swing_Down_Right_Damage",
          "DamageCalculator": {
            "BaseDamage": {
              "Physical": 55
            }
          },
          "DamageEffects": {
            "WorldSoundEventId": "SFX_Battleaxe_T2_Impact",
            "LocalSoundEventId": "SFX_Battleaxe_T2_Impact"
          }
        }
      ]
    },
    "Downstrike_Damage": {
      "Interactions": [
        {
          "Parent": "Weapon_Battleaxe_Primary_Downstrike_Damage",
          "DamageCalculator": {
            "BaseDamage": {
              "Physical": 65
            }
          },
          "EntityStatsOnHit": [
            {
              "EntityStatId": "SignatureEnergy",
              "Amount": 2
            }
          ],
          "DamageEffects": {
            "WorldSoundEventId": "SFX_Battleaxe_T2_Impact",
            "LocalSoundEventId": "SFX_Battleaxe_T2_Impact"
          }
        }
      ]
    },
    "Signature_Whirlwind_Damage": {
      "Interactions": [
        {
          "Parent": "Weapon_Battleaxe_Signature_Whirlwind_Damage",
          "DamageCalculator": {
            "BaseDamage": {
              "Physical": 42
            }
          },
          "EntityStatsOnHit": [],
          "DamageEffects": {
            "WorldSoundEventId": "SFX_Battleaxe_T2_Impact",
            "LocalSoundEventId": "SFX_Battleaxe_T2_Impact"
          }
        }
      ]
    },
    "Guard_Wield": {
      "Interactions": [
        {
          "Parent": "Weapon_Battleaxe_Secondary_Guard_Wield",
          "StaminaCost": {
            "Value": 15.56,
            "CostType": "Damage"
          }
        }
      ]
    }
  },
  "Animation": "Items/Weapons/SawAxe/SawAxeAnim.blockyanim",
  "Particles": [
    {
      "SystemId": "Torch_Fire",
      "TargetNodeName": "Orb",
      "Scale": 0.45
    },
    {
      "SystemId": "Golem_Fire_Glow",
      "TargetNodeName": "Orb",
      "Scale": 0.45
    },
    {
      "SystemId": "Runeforge_Flame",
      "Scale": 0.25,
      "TargetNodeName": "Orb"
    }
  ],
  "FirstPersonParticles": [
    {
      "SystemId": "Runeforge_Flame",
      "Scale": 0.25,
      "TargetNodeName": "Orb"
    },
    {
      "SystemId": "Torch_Fire",
      "TargetNodeName": "Orb",
      "Scale": 0.45
    }
  ]
}
