{
  "TranslationProperties": {
    "Name": "Runeforge Core"
  },
  "ItemLevel": 10,
  "Icon": "Icons/ItemsGenerated/Runeforge_Core.png",
  "Categories": [
    "Blocks.Rocks"
  ],
  "PlayerAnimationsId": "Block",
  "Set": "Core",
  "BlockType": {
    "Material": "Solid",
    "DrawType": "Model",
    "Group": "Stone",
    "Flags": {},
    "Gathering": {
      "Breaking": {
        "GatherType": "Rocks"
      }
    },
    "ParticleColor": "#8f38f0",
    "BlockParticleSetId": "Crystal",
    "BlockSoundSetId": "Gem",
    "CustomModel": "Blocks/Decorative_Sets/Temple_Light/Lantern.blockymodel",
    "CustomModelTexture": [
      {
        "Texture": "Blocks/Mechanical/Runeforge_Core.png"
      }
    ],
    "Particles": [
      {
        "SystemId": "Core_Sphere"
      }
    ]
  },
  "Tags": {
    "Type": [
      "Soil"
    ],
    "Family": [
      "Clay"
    ]
  },
  "IconProperties": {
    "Scale": 0.58823,
    "Rotation": [
      22.5,
      45,
      22.5
    ],
    "Translation": [
      0,
      -13.5
    ]
  },
  "ItemSoundSetId": "ISS_Items_Gems",
  "Recipe": {
    "Input": [
      {
        "ItemId": "Unpowered_Runeforge_Core"
      },
      {
        "ItemId": "Ingredient_Life_Essence_Concentrated"
      }
    ],
    "BenchRequirement": [
      {
        "Id": "Arcanebench",
        "Categories": [
          "Arcane_Golemancy"
        ]
      }
    ],
    "TimeSeconds": 3
  },
  "Quality": "Mechanical"
}
