{
  "Model": "NPC/Golems/Runeforge_Turret_T1.blockymodel",
  "Texture": "NPC/Golems/RuneForge_GolemT3.png",
  "HitBox": {
    "Max": {
      "X": 0.5,
      "Y": 1.5,
      "Z": 0.5
    },
    "Min": {
      "X": -0.5,
      "Y": 0,
      "Z": -0.5
    }
  },
  "Particles": [
    {
      "SystemId": "Golem_Fire_Glow",
      "TargetNodeName": "Orb",
      "Scale": 0.5,
      "PositionOffset": {
        "Y": 0.1
      }
    },
    {
      "SystemId": "Torch_Fire",
      "TargetNodeName": "Orb",
      "Scale": 0.5
    },
    {
      "SystemId": "Runeforge_Flame",
      "TargetNodeName": "Orb",
      "Scale": 0.35,
      "PositionOffset": {
        "Y": -0.05
      }
    }
  ],
  "EyeHeight": 1.4,
  "AnimationSets": {
    "Idle": {
      "Animations": [
        {
          "Animation": "NPC/Golems/Animations/Runeforge_Turret_Idle.blockyanim",
          "Looping": true
        }
      ]
    },
    "Spawn": {
      "Animations": [
        {
          "Animation": "NPC/Golems/Animations/Runeforge_Turret_Spawn.blockyanim",
          "SoundEventId": "Turret_Summon",
          "BlendingDuration": 0.15,
          "Looping": false
        }
      ]
    },
    "FluidIdle": {
      "Animations": [
        {
          "Animation": "NPC/Golems/Animations/Runeforge_Turret_Idle.blockyanim",
          "Looping": true
        }
      ]
    },
    "Track": {
      "Animations": [
        {
          "Animation": "NPC/Golems/Animations/Runeforge_Turret_Idle.blockyanim",
          "Looping": true
        }
      ]
    },
    "Alerted": {
      "Animations": [
        {
          "Animation": "NPC/Golems/Animations/Runeforge_Turret_Idle.blockyanim",
          "Looping": true
        }
      ]
    },
    "Sleep": {
      "Animations": [
        {
          "Animation": "NPC/Golems/Animations/Runeforge_Turret_Idle.blockyanim",
          "Looping": true
        }
      ]
    },
    "Run": {
      "Animations": [
        {
          "Animation": "NPC/Golems/Animations/Runeforge_Turret_Idle.blockyanim",
          "Looping": true
        }
      ]
    },
    "Walk": {
      "Animations": [
        {
          "Animation": "NPC/Golems/Animations/Runeforge_Turret_Idle.blockyanim",
          "Looping": true
        }
      ]
    },
    "Jump": {
      "Animations": [
        {
          "Animation": "NPC/Golems/Animations/Runeforge_Turret_Idle.blockyanim",
          "Looping": true
        }
      ]
    },
    "Wake": {
      "Animations": [
        {
          "Animation": "NPC/Golems/Animations/Runeforge_Turret_Idle.blockyanim",
          "Looping": true
        }
      ]
    },
    "Despawn": {
      "Animations": [
        {
          "Animation": "NPC/Golems/Animations/Runeforge_Turret_Despawn.blockyanim",
          "BlendingDuration": 0,
          "Looping": false,
          "Speed": 1
        }
      ]
    }
  }
}
