{
  "Type": "Variant",
  "Reference": "Turret_Companion",
  "Modify": {
    "MaxHealth": 100,
    "HearingRange": 25,
    "ViewSector": 270,
    "ViewRange": 280,
    "TargetRange": 50,
    "Appearance": "Runeforge_Turret_T2",
    "Weapons": [],
    "OffHand": [],
    "DefaultOffHandSlot": 0,
    "FlockArray": [],
    "Attack": "Skeleton_Sand_Mage_Spellbook_Corruption_Orb",
    "MaxSpeed": 0.11,
    "ChaseRelativeSpeed": 0.11,
    "CombatMovingRelativeSpeed": 0.11,
    "CombatBackwardsRelativeSpeed": 0.11,
    "CombatDirectWeight": 0,
    "CombatStrafeWeight": 0,
    "CombatAlwaysMovingWeight": 0,
    "CombatBehaviorDistance": 25.5,
    "AttackDistance": 85,
    "DesiredAttackDistanceRange": [
      15,
      15.5
    ],
    "ApplySeparation": false,
    "NameTranslationKey": "Runeforge Turret"
  }
}
