{
  "Type": "Variant",
  "Reference": "Golem_Companion",
  "Modify": {
    "MaxHealth": 100,
    "HearingRange": 8,
    "ViewSector": 270,
    "Appearance": "Runeforge_Golem_T3",
    "Weapons": [],
    "OffHand": [],
    "DespawnTimer": 120,
    "FlockArray": [
      "Runeforge_Golem_T3"
    ],
    "DefaultOffHandSlot": 0,
    "Attack": "Root_NPC_Golem_Firesteel_Attack",
    "AttackDistance": 3,
    "DesiredAttackDistanceRange": [
      2,
      2.5
    ],
    "ApplySeparation": true,
    "NameTranslationKey": "Runeforge Golem"
  }
}
