{
  "Animations": {
    "Idle": {
      "FirstPerson": "Characters/Animations/Items/Dual_Handed/Battleaxe/Idle_FPS.blockyanim",
      "Speed": 0.5,
      "ThirdPerson": "Characters/Animations/Items/DualHanded/Hammer/Idle.blockyanim",
      "Looping": true
    },
    "Walk": {
      "FirstPerson": "Characters/Animations/Items/Dual_Handed/Battleaxe/Walk_FPS.blockyanim",
      "Speed": 1.0,
      "ThirdPerson": "Characters/Animations/Items/Dual_Handed/Battleaxe/Walk.blockyanim",
      "Looping": true
    },
    "WalkBackward": {
      "FirstPerson": "Characters/Animations/Items/Dual_Handed/Battleaxe/Walk_Backward_FPS.blockyanim",
      "Speed": 1.0,
      "ThirdPerson": "Characters/Animations/Items/Dual_Handed/Battleaxe/Walk_Backward.blockyanim",
      "Looping": true
    },
    "Run": {
      "FirstPerson": "Characters/Animations/Items/Dual_Handed/Battleaxe/Run_FPS.blockyanim",
      "Speed": 0.9,
      "ThirdPerson": "Characters/Animations/Items/Dual_Handed/Battleaxe/Run.blockyanim",
      "Looping": true
    },
    "RunBackward": {
      "FirstPerson": "Characters/Animations/Items/Dual_Handed/Battleaxe/Run_Backward_FPS.blockyanim",
      "Speed": 0.9,
      "ThirdPerson": "Characters/Animations/Items/Dual_Handed/Battleaxe/Run_Backward.blockyanim",
      "Looping": true
    },
    "Sprint": {
      "FirstPerson": "Characters/Animations/Items/Dual_Handed/Battleaxe/Sprint_FPS.blockyanim",
      "Speed": 1.1,
      "ThirdPerson": "Characters/Animations/Items/Dual_Handed/Battleaxe/Sprint.blockyanim",
      "Looping": true
    },
    "Crouch": {
      "BlendingDuration": 0.1,
      "FirstPerson": "Characters/Animations/Items/Dual_Handed/Battleaxe/Crouch_FPS.blockyanim",
      "Speed": 0.5,
      "ThirdPerson": "Characters/Animations/Items/Dual_Handed/Battleaxe/Crouch.blockyanim",
      "Looping": true
    },
    "CrouchWalk": {
      "BlendingDuration": 0.1,
      "ThirdPerson": "Characters/Animations/Items/Dual_Handed/Battleaxe/Crouch_Walk.blockyanim",
      "Speed": 0.8,
      "FirstPerson": "Characters/Animations/Items/Dual_Handed/Battleaxe/Crouch_Walk_FPS.blockyanim",
      "Looping": true
    },
    "CrouchWalkBackward": {
      "BlendingDuration": 0.1,
      "ThirdPerson": "Characters/Animations/Items/Dual_Handed/Battleaxe/Crouch_Walk_Backward.blockyanim",
      "Speed": 0.8,
      "FirstPerson": "Characters/Animations/Items/Dual_Handed/Battleaxe/Crouch_Walk_Backward_FPS.blockyanim",
      "Looping": true
    },
    "Jump": {
      "Speed": 1,
      "ThirdPerson": "Characters/Animations/Items/Dual_Handed/Battleaxe/Jump.blockyanim",
      "Looping": false,
      "KeepPreviousFirstPersonAnimation": true
    },
    "JumpWalk": {
      "Speed": 0.8,
      "ThirdPerson": "Characters/Animations/Items/Dual_Handed/Battleaxe/Jump_Far.blockyanim",
      "Looping": false,
      "KeepPreviousFirstPersonAnimation": true
    },
    "JumpRun": {
      "Speed": 0.8,
      "ThirdPerson": "Characters/Animations/Items/Dual_Handed/Battleaxe/Jump_Far.blockyanim",
      "Looping": false,
      "KeepPreviousFirstPersonAnimation": true
    },
    "Fall": {
      "BlendingDuration": 0.4,
      "Speed": 1,
      "ThirdPerson": "Characters/Animations/Items/Dual_Handed/Battleaxe/Fall.blockyanim",
      "Looping": true,
      "KeepPreviousFirstPersonAnimation": true
    },
    "FallFar": {
      "BlendingDuration": 0.4,
      "Speed": 1,
      "ThirdPerson": "Characters/Animations/Items/Dual_Handed/Battleaxe/Fall_Far.blockyanim",
      "Looping": true,
      "KeepPreviousFirstPersonAnimation": true
    },
    "FlyIdle": {
      "Speed": 0.5,
      "ThirdPerson": "Characters/Animations/Items/Dual_Handed/Battleaxe/Fly/Fly_Idle.blockyanim",
      "Looping": true,
      "FirstPerson": "Characters/Animations/Items/Dual_Handed/Battleaxe/Fly/Fly_Idle_FPS.blockyanim"
    },
    "Fly": {
      "Looping": true,
      "ThirdPerson": "Characters/Animations/Items/Dual_Handed/Battleaxe/Fly/Fly.blockyanim",
      "FirstPerson": "Characters/Animations/Items/Dual_Handed/Battleaxe/Fly/Fly_FPS.blockyanim"
    },
    "FlyBackward": {
      "Looping": true,
      "ThirdPerson": "Characters/Animations/Items/Dual_Handed/Battleaxe/Fly/Fly_Backward.blockyanim",
      "FirstPerson": "Characters/Animations/Items/Dual_Handed/Battleaxe/Fly/Fly_Backward_FPS.blockyanim"
    },
    "FlyFast": {
      "Looping": true,
      "ThirdPerson": "Characters/Animations/Items/Dual_Handed/Battleaxe/Fly/Fly_Fast.blockyanim",
      "FirstPerson": "Characters/Animations/Items/Dual_Handed/Battleaxe/Fly/Fly_Fast_FPS.blockyanim"
    },
    "SwimIdle": {
      "FirstPerson": "Characters/Animations/Items/Dual_Handed/Battleaxe/Swim/Swim_Idle_FPS.blockyanim",
      "Speed": 1,
      "ThirdPerson": "Characters/Animations/Items/Dual_Handed/Battleaxe/Swim/Swim_Idle.blockyanim",
      "Looping": true
    },
    "Swim": {
      "FirstPerson": "Characters/Animations/Items/Dual_Handed/Battleaxe/Swim/Swim_FPS.blockyanim",
      "Speed": 0.6,
      "ThirdPerson": "Characters/Animations/Items/Dual_Handed/Battleaxe/Swim/Swim.blockyanim",
      "Looping": true
    },
    "SwimBackward": {
      "FirstPerson": "Characters/Animations/Items/Dual_Handed/Battleaxe/Swim/Swim_Backward_FPS.blockyanim",
      "Speed": 1,
      "ThirdPerson": "Characters/Animations/Items/Dual_Handed/Battleaxe/Swim/Swim_Backward.blockyanim",
      "Looping": true
    },
    "SwimFast": {
      "FirstPerson": "Characters/Animations/Items/Dual_Handed/Battleaxe/Swim/Swim_Fast_FPS.blockyanim",
      "Speed": 0.6,
      "ThirdPerson": "Characters/Animations/Items/Dual_Handed/Battleaxe/Swim/Swim_Fast.blockyanim",
      "Looping": true
    },
    "SwimJump": {
      "BlendingDuration": 0.1,
      "FirstPerson": "Characters/Animations/Items/Dual_Handed/Battleaxe/Swim/Swim_Jump_FPS.blockyanim",
      "Speed": 0.8,
      "ThirdPerson": "Characters/Animations/Items/Dual_Handed/Battleaxe/Swim/Swim_Jump.blockyanim",
      "Looping": false
    },
    "SwimFloat": {
      "FirstPerson": "Characters/Animations/Items/Dual_Handed/Battleaxe/Swim/Swim_Float_FPS.blockyanim",
      "Speed": 1,
      "ThirdPerson": "Characters/Animations/Items/Dual_Handed/Battleaxe/Swim/Swim_Float.blockyanim",
      "Looping": true
    },
    "SwimSink": {
      "FirstPerson": "Characters/Animations/Items/Dual_Handed/Battleaxe/Swim/Swim_Sink_FPS.blockyanim",
      "Speed": 1,
      "ThirdPerson": "Characters/Animations/Items/Dual_Handed/Battleaxe/Swim/Swim_Sink.blockyanim",
      "Looping": true
    },
    "SwimDive": {
      "FirstPerson": "Characters/Animations/Items/Dual_Handed/Battleaxe/Swim/Swim_Dive_FPS.blockyanim",
      "Speed": 0.6,
      "ThirdPerson": "Characters/Animations/Items/Dual_Handed/Battleaxe/Swim/Swim_Dive.blockyanim",
      "Looping": true
    },
    "SwimDiveBackward": {
      "FirstPerson": "Characters/Animations/Items/Dual_Handed/Battleaxe/Swim/Swim_Dive_Backward_FPS.blockyanim",
      "Speed": 1,
      "ThirdPerson": "Characters/Animations/Items/Dual_Handed/Battleaxe/Swim/Swim_Dive_Backward.blockyanim",
      "Looping": true
    },
    "SwimDiveFast": {
      "FirstPerson": "Characters/Animations/Items/Dual_Handed/Battleaxe/Swim/Swim_Dive_Fast_FPS.blockyanim",
      "Speed": 0.6,
      "ThirdPerson": "Characters/Animations/Items/Dual_Handed/Battleaxe/Swim/Swim_Dive_Fast.blockyanim",
      "Looping": true
    },
    "FluidIdle": {
      "FirstPerson": "Characters/Animations/Items/Dual_Handed/Battleaxe/Idle_FPS.blockyanim",
      "Speed": 0.3,
      "ThirdPerson": "Characters/Animations/Items/Dual_Handed/Battleaxe/Idle.blockyanim",
      "Looping": true
    },
    "FluidWalk": {
      "FirstPerson": "Characters/Animations/Items/Dual_Handed/Battleaxe/Walk_FPS.blockyanim",
      "Speed": 0.6,
      "ThirdPerson": "Characters/Animations/Items/Dual_Handed/Battleaxe/Walk.blockyanim",
      "Looping": true
    },
    "FluidWalkBackward": {
      "FirstPerson": "Characters/Animations/Items/Dual_Handed/Battleaxe/Walk_Backward_FPS.blockyanim",
      "Speed": 0.6,
      "ThirdPerson": "Characters/Animations/Items/Dual_Handed/Battleaxe/Walk_Backward.blockyanim",
      "Looping": true
    },
    "FluidRun": {
      "FirstPerson": "Characters/Animations/Items/Dual_Handed/Battleaxe/Run_FPS.blockyanim",
      "Speed": 0.6,
      "ThirdPerson": "Characters/Animations/Items/Dual_Handed/Battleaxe/Run.blockyanim",
      "Looping": true
    },
    "ClimbIdle": {
      "FirstPerson": "Characters/Animations/Items/Dual_Handed/Battleaxe/Climb/Climb_Idle_FPS.blockyanim",
      "Speed": 0.5,
      "ThirdPerson": "Characters/Animations/Items/Dual_Handed/Battleaxe/Climb/Climb_Idle.blockyanim",
      "Looping": true
    },
    "ClimbUp": {
      "FirstPerson": "Characters/Animations/Items/Dual_Handed/Battleaxe/Climb/Climb_Up_FPS.blockyanim",
      "Speed": 1,
      "ThirdPerson": "Characters/Animations/Items/Dual_Handed/Battleaxe/Climb/Climb_Up.blockyanim",
      "Looping": true
    },
    "ClimbDown": {
      "FirstPerson": "Characters/Animations/Items/Dual_Handed/Battleaxe/Climb/Climb_Down_FPS.blockyanim",
      "Speed": 1,
      "ThirdPerson": "Characters/Animations/Items/Dual_Handed/Battleaxe/Climb/Climb_Down.blockyanim",
      "Looping": true
    },
    "ClimbLeft": {
      "FirstPerson": "Characters/Animations/Items/Dual_Handed/Battleaxe/Climb/Climb_Left_FPS.blockyanim",
      "Speed": 1,
      "ThirdPerson": "Characters/Animations/Items/Dual_Handed/Battleaxe/Climb/Climb_Left.blockyanim",
      "Looping": true
    },
    "ClimbRight": {
      "FirstPerson": "Characters/Animations/Items/Dual_Handed/Battleaxe/Climb/Climb_Right_FPS.blockyanim",
      "Speed": 1,
      "ThirdPerson": "Characters/Animations/Items/Dual_Handed/Battleaxe/Climb/Climb_Right.blockyanim",
      "Looping": true
    },
    "Interact": {
      "FirstPerson": "Characters/Animations/Items/Dual_Handed/Battleaxe/Interact_FPS.blockyanim",
      "ThirdPerson": "Characters/Animations/Items/Dual_Handed/Battleaxe/Interact.blockyanim",
      "Speed": 1,
      "BlendingDuration": 0.1
    },
    "SwingLeft": {
      "ThirdPerson": "Characters/Animations/Items/Dual_Handed/Battleaxe/Attacks/Swing_Left/Swing_Left.blockyanim",
      "ThirdPersonFace": "Characters/Animations/Expressions/Angry.blockyanim",
      "KeepPreviousFirstPersonAnimation": true,
      "ThirdPersonMoving": "Characters/Animations/Items/Dual_Handed/Battleaxe/Attacks/Swing_Left/Swing_Left_Moving.blockyanim",
      "FirstPerson": "Characters/Animations/Items/Dual_Handed/Battleaxe/Attacks/Swing_Left/Swing_Left_FPS.blockyanim"
    },
    "SwingRight": {
      "ThirdPerson": "Characters/Animations/Items/Dual_Handed/Battleaxe/Attacks/Swing_Right/Swing_Right.blockyanim",
      "ThirdPersonMoving": "Characters/Animations/Items/Dual_Handed/Battleaxe/Attacks/Swing_Right/Swing_Right_Moving.blockyanim",
      "ThirdPersonFace": "Characters/Animations/Expressions/Angry.blockyanim",
      "FirstPerson": "Characters/Animations/Items/Dual_Handed/Battleaxe/Attacks/Swing_Right/Swing_Right_FPS.blockyanim",
      "KeepPreviousFirstPersonAnimation": true
    },
    "SwingDown": {
      "ThirdPerson": "Characters/Animations/Items/Dual_Handed/Battleaxe/Attacks/Swing_Down/Swing_Down.blockyanim",
      "ThirdPersonMoving": "Characters/Animations/Items/Dual_Handed/Battleaxe/Attacks/Swing_Down/Swing_Down_Moving.blockyanim",
      "ThirdPersonFace": "Characters/Animations/Expressions/Angry.blockyanim",
      "FirstPerson": "Characters/Animations/Items/Dual_Handed/Battleaxe/Attacks/Swing_Down/Swing_Down_FPS.blockyanim",
      "KeepPreviousFirstPersonAnimation": true
    },
    "SwingDownLeft": {
      "ThirdPerson": "Characters/Animations/Items/Dual_Handed/Battleaxe/Attacks/Swing_Down_Left/Swing_Down_Left.blockyanim",
      "ThirdPersonMoving": "Characters/Animations/Items/Dual_Handed/Battleaxe/Attacks/Swing_Down_Left/Swing_Down_Left_Moving.blockyanim",
      "ThirdPersonFace": "Characters/Animations/Expressions/Angry.blockyanim",
      "FirstPerson": "Characters/Animations/Items/Dual_Handed/Battleaxe/Attacks/Swing_Down_Left/Swing_Down_Left_FPS.blockyanim",
      "KeepPreviousFirstPersonAnimation": true
    },
    "SwingDownRight": {
      "ThirdPerson": "Characters/Animations/Items/Dual_Handed/Battleaxe/Attacks/Swing_Down_Right/Swing_Down_Right.blockyanim",
      "ThirdPersonMoving": "Characters/Animations/Items/Dual_Handed/Battleaxe/Attacks/Swing_Down_Right/Swing_Down_Right_Moving.blockyanim",
      "ThirdPersonFace": "Characters/Animations/Expressions/Angry.blockyanim",
      "FirstPerson": "Characters/Animations/Items/Dual_Handed/Battleaxe/Attacks/Swing_Down_Right/Swing_Down_Right_FPS.blockyanim",
      "KeepPreviousFirstPersonAnimation": true
    },
    "SwingUpLeft": {
      "ThirdPerson": "Characters/Animations/Items/Dual_Handed/Battleaxe/Attacks/Swing_Up_Left/Swing_Up_Left.blockyanim",
      "ThirdPersonMoving": "Characters/Animations/Items/Dual_Handed/Battleaxe/Attacks/Swing_Up_Left/Swing_Up_Left_Moving.blockyanim",
      "ThirdPersonFace": "Characters/Animations/Expressions/Angry.blockyanim",
      "FirstPerson": "Characters/Animations/Items/Dual_Handed/Battleaxe/Attacks/Swing_Up_Left/Swing_Up_Left_FPS.blockyanim",
      "KeepPreviousFirstPersonAnimation": true
    },
    "SwingUpRight": {
      "ThirdPerson": "Characters/Animations/Items/Dual_Handed/Battleaxe/Attacks/Swing_Up_Right/Swing_Up_Right.blockyanim",
      "ThirdPersonMoving": "Characters/Animations/Items/Dual_Handed/Battleaxe/Attacks/Swing_Up_Right/Swing_Up_Right_Moving.blockyanim",
      "ThirdPersonFace": "Characters/Animations/Expressions/Angry.blockyanim",
      "FirstPerson": "Characters/Animations/Items/Dual_Handed/Battleaxe/Attacks/Swing_Up_Right/Swing_Up_Right_FPS.blockyanim",
      "KeepPreviousFirstPersonAnimation": true
    },
    "SwingLeftCharging": {
      "ThirdPerson": "Characters/Animations/Items/Dual_Handed/Battleaxe/Attacks/Swing_Left_Charged/Swing_Left_Charging.blockyanim",
      "ThirdPersonMoving": "Characters/Animations/Items/Dual_Handed/Battleaxe/Attacks/Swing_Left_Charged/Swing_Left_Charging_Moving.blockyanim",
      "FirstPerson": "Characters/Animations/Items/Dual_Handed/Battleaxe/Attacks/Swing_Left_Charged/Swing_Left_Charging_FPS.blockyanim",
      "KeepPreviousFirstPersonAnimation": true,
      "Speed": 0.6,
      "ThirdPersonFace": "Characters/Animations/Expressions/Frown.blockyanim"
    },
    "SwingLeftCharged": {
      "ThirdPerson": "Characters/Animations/Items/Dual_Handed/Battleaxe/Attacks/Swing_Left_Charged/Swing_Left_Charged.blockyanim",
      "ThirdPersonMoving": "Characters/Animations/Items/Dual_Handed/Battleaxe/Attacks/Swing_Left_Charged/Swing_Left_Charged_Moving.blockyanim",
      "ThirdPersonFace": "Characters/Animations/Expressions/Rage.blockyanim",
      "FirstPerson": "Characters/Animations/Items/Dual_Handed/Battleaxe/Attacks/Swing_Left_Charged/Swing_Left_Charged_FPS.blockyanim",
      "KeepPreviousFirstPersonAnimation": true,
      "BlendingDuration": 0
    },
    "Sweep": {
      "Speed": 2.0,
      "ThirdPerson": "Characters/Animations/Items/Dual_Handed/Battleaxe/Attacks/Sweep/Sweep.blockyanim",
      "ThirdPersonMoving": "Characters/Animations/Items/Dual_Handed/Battleaxe/Attacks/Sweep/Sweep_Moving.blockyanim",
      "FirstPerson": "Characters/Animations/Items/Dual_Handed/Battleaxe/Attacks/Sweep/Sweep_FPS.blockyanim",
      "ThirdPersonFace": "Characters/Animations/Expressions/Rage.blockyanim"
    },
    "SwingLeftLeapFalling": {
      "ThirdPerson": "Characters/Animations/Items/Dual_Handed/Battleaxe/Attacks/Swing_Left_Leap_Charged/Swing_Left_Leap_Falling.blockyanim",
      "FirstPerson": "Characters/Animations/Items/Dual_Handed/Battleaxe/Attacks/Swing_Left_Leap_Charged/Swing_Left_Leap_Falling_FPS.blockyanim",
      "ThirdPersonFace": "Characters/Animations/Expressions/Rage.blockyanim",
      "Looping": true
    },
    "SwingLeftLeapCharged": {
      "ThirdPerson": "Characters/Animations/Items/Dual_Handed/Battleaxe/Attacks/Swing_Left_Leap_Charged/Swing_Left_Leap_Charged.blockyanim",
      "ThirdPersonMoving": "Characters/Animations/Items/Dual_Handed/Battleaxe/Attacks/Swing_Left_Leap_Charged/Swing_Left_Leap_Charged_Moving.blockyanim",
      "FirstPerson": "Characters/Animations/Items/Dual_Handed/Battleaxe/Attacks/Swing_Left_Leap_Charged/Swing_Left_Leap_Charged_FPS.blockyanim",
      "ThirdPersonFace": "Characters/Animations/Expressions/Rage.blockyanim",
      "Looping": false,
      "KeepPreviousFirstPersonAnimation": true,
      "BlendingDuration": 0
    },
    "SwingDownFrontflipFlip": {
      "ThirdPerson": "Characters/Animations/Items/Dual_Handed/Battleaxe/Attacks/Swing_Down_Frontflip/Swing_Down_Frontflip_Flip.blockyanim",
      "FirstPerson": "Characters/Animations/Items/Dual_Handed/Battleaxe/Attacks/Swing_Down_Frontflip/Swing_Down_Frontflip_Flip_FPS.blockyanim",
      "ThirdPersonFace": "Characters/Animations/Expressions/Angry.blockyanim"
    },
    "SwingDownFrontflipChop": {
      "ThirdPerson": "Characters/Animations/Items/Dual_Handed/Battleaxe/Attacks/Swing_Down_Frontflip/Swing_Down_Frontflip_Chop.blockyanim",
      "ThirdPersonMoving": "Characters/Animations/Items/Dual_Handed/Battleaxe/Attacks/Swing_Down_Frontflip/Swing_Down_Frontflip_Chop_Moving.blockyanim",
      "FirstPerson": "Characters/Animations/Items/Dual_Handed/Battleaxe/Attacks/Swing_Down_Frontflip/Swing_Down_Frontflip_Chop_FPS.blockyanim",
      "ThirdPersonFace": "Characters/Animations/Expressions/Rage.blockyanim",
      "BlendingDuration": 0
    },
    "Whirlwind": {
      "ThirdPerson": "Characters/Animations/Items/Dual_Handed/Battleaxe/Attacks/Whirlwind/Whirlwind.blockyanim",
      "ThirdPersonFace": "Characters/Animations/Expressions/Rage.blockyanim",
      "KeepPreviousFirstPersonAnimation": true,
      "ThirdPersonMoving": "Characters/Animations/Items/Dual_Handed/Battleaxe/Attacks/Whirlwind/Whirlwind_Moving.blockyanim",
      "FirstPerson": "Characters/Animations/Items/Dual_Handed/Battleaxe/Attacks/Whirlwind/Whirlwind_FPS.blockyanim"
    },
    "WhirlwindCharging": {
      "ThirdPerson": "Characters/Animations/Items/Dual_Handed/Battleaxe/Attacks/Whirlwind_Charged/Whirlwind_Charging.blockyanim",
      "ThirdPersonFace": "Characters/Animations/Expressions/Frown.blockyanim",
      "KeepPreviousFirstPersonAnimation": true,
      "ThirdPersonMoving": "Characters/Animations/Items/Dual_Handed/Battleaxe/Attacks/Whirlwind_Charged/Whirlwind_Charging_Moving.blockyanim",
      "FirstPerson": "Characters/Animations/Items/Dual_Handed/Battleaxe/Attacks/Whirlwind_Charged/Whirlwind_Charging_FPS.blockyanim",
      "Speed": 6
    },
    "WhirlwindChargedSpin": {
      "ThirdPerson": "Characters/Animations/Items/Dual_Handed/Battleaxe/Attacks/Whirlwind_Charged/Whirlwind_Charged_Spin.blockyanim",
      "ThirdPersonFace": "Characters/Animations/Expressions/Rage.blockyanim",
      "KeepPreviousFirstPersonAnimation": true,
      "FirstPerson": "Characters/Animations/Items/Dual_Handed/Battleaxe/Attacks/Whirlwind_Charged/Whirlwind_Charged_Spin_FPS.blockyanim",
      "BlendingDuration": 0.05,
      "Speed": 5,
      "Looping": true
    },
    "WhirlwindCharged": {
      "ThirdPerson": "Characters/Animations/Items/Dual_Handed/Battleaxe/Attacks/Whirlwind_Charged/Whirlwind_Charged.blockyanim",
      "ThirdPersonFace": "Characters/Animations/Expressions/Angry.blockyanim",
      "KeepPreviousFirstPersonAnimation": true,
      "ThirdPersonMoving": "Characters/Animations/Items/Dual_Handed/Battleaxe/Attacks/Whirlwind_Charged/Whirlwind_Charged_Moving.blockyanim",
      "FirstPerson": "Characters/Animations/Items/Dual_Handed/Battleaxe/Attacks/Whirlwind_Charged/Whirlwind_Charged_FPS.blockyanim",
      "BlendingDuration": 0.05
    },
    "DownstrikeCharging": {
      "ThirdPerson": "Characters/Animations/Items/Dual_Handed/Battleaxe/Attacks/Downstrike_Charged/Downstrike_Charging.blockyanim",
      "ThirdPersonFace": "Characters/Animations/Expressions/Frown.blockyanim",
      "KeepPreviousFirstPersonAnimation": true,
      "ThirdPersonMoving": "Characters/Animations/Items/Dual_Handed/Battleaxe/Attacks/Downstrike_Charged/Downstrike_Charging_Moving.blockyanim",
      "FirstPerson": "Characters/Animations/Items/Dual_Handed/Battleaxe/Attacks/Downstrike_Charged/Downstrike_Charging_FPS.blockyanim",
      "Speed": 1.32
    },
    "DownstrikeLeap": {
      "ThirdPerson": "Characters/Animations/Items/Dual_Handed/Battleaxe/Attacks/Downstrike_Charged/Downstrike_Leap.blockyanim",
      "ThirdPersonFace": "Characters/Animations/Expressions/Angry.blockyanim",
      "KeepPreviousFirstPersonAnimation": true,
      "FirstPerson": "Characters/Animations/Items/Dual_Handed/Battleaxe/Attacks/Downstrike_Charged/Downstrike_Leap_FPS.blockyanim",
      "Looping": true
    },
    "DownstrikeCharged": {
      "ThirdPerson": "Characters/Animations/Items/Dual_Handed/Battleaxe/Attacks/Downstrike_Charged/Downstrike_Charged.blockyanim",
      "ThirdPersonFace": "Characters/Animations/Expressions/Rage.blockyanim",
      "KeepPreviousFirstPersonAnimation": true,
      "ThirdPersonMoving": "Characters/Animations/Items/Dual_Handed/Battleaxe/Attacks/Downstrike_Charged/Downstrike_Charged_Moving.blockyanim",
      "FirstPerson": "Characters/Animations/Items/Dual_Handed/Battleaxe/Attacks/Downstrike_Charged/Downstrike_Charged_FPS.blockyanim",
      "BlendingDuration": 0.05
    },
    "Guard": {
      "ThirdPerson": "Characters/Animations/Items/Dual_Handed/Battleaxe/Attacks/Guard/Guard.blockyanim",
      "ThirdPersonMoving": "Characters/Animations/Items/Dual_Handed/Battleaxe/Attacks/Guard/Guard_Moving.blockyanim",
      "FirstPerson": "Characters/Animations/Items/Dual_Handed/Battleaxe/Attacks/Guard/Guard_FPS.blockyanim",
      "ThirdPersonFace": "Characters/Animations/Expressions/Frown.blockyanim",
      "KeepPreviousFirstPersonAnimation": true,
      "BlendingDuration": 0.1,
      "Looping": true
    },
    "GuardBash": {
      "ThirdPerson": "Characters/Animations/Items/Dual_Handed/Battleaxe/Attacks/Guard_Bash/Guard_Bash.blockyanim",
      "ThirdPersonMoving": "Characters/Animations/Items/Dual_Handed/Battleaxe/Attacks/Guard_Bash/Guard_Bash_Moving.blockyanim",
      "FirstPerson": "Characters/Animations/Items/Dual_Handed/Battleaxe/Attacks/Guard_Bash/Guard_Bash_FPS.blockyanim",
      "ThirdPersonFace": "Characters/Animations/Expressions/Angry.blockyanim",
      "KeepPreviousFirstPersonAnimation": true
    }
  },
  "Camera": {
    "Pitch": {
      "AngleRange": {
        "Max": 45,
        "Min": -15
      },
      "TargetNodes": [
        "Head",
        "LShoulder",
        "RShoulder"
      ]
    },
    "Yaw": {
      "AngleRange": {
        "Max": 45,
        "Min": -45
      },
      "TargetNodes": [
        "Belly"
      ]
    }
  },
  "WiggleWeights": {
    "Pitch": 2.5,
    "PitchDeceleration": 0.3,
    "Roll": 0.1,
    "RollDeceleration": 0.3,
    "X": 2.5,
    "XDeceleration": 0.3,
    "Y": 0.1,
    "YDeceleration": 0.3,
    "Z": 0.1,
    "ZDeceleration": 0.3
  },
  "PullbackConfig": {
    "LeftOffsetOverride": [
      0,
      0,
      -1.6
    ],
    "LeftRotationOverride": [
      0,
      0,
      0
    ],
    "RightOffsetOverride": [
      0,
      0,
      -1.6
    ],
    "RightRotationOverride": [
      0,
      0,
      0
    ]
  }
}
